match_id,date,season,venue,batting_team,bowling_team,actual_score,predicted_score,error,absolute_error,error_percent,score_range
1359519,2023-05-03,2023,Bharat Ratna Shri Atal Bihari Vajpayee Ekana Cricket Stadium,Lucknow Super Giants,Chennai Super Kings,125,176.24967670288763,51.249676702887626,51.249676702887626,40.9997413623101,Below 130
1359520,2023-05-03,2023,Punjab Cricket Association IS Bindra Stadium,Punjab Kings,Mumbai Indians,214,193.03081711200807,-20.969182887991934,20.969182887991934,9.798683592519595,190-219
1359521,2023-05-04,2023,Rajiv Gandhi International Stadium,Kolkata Knight Riders,Sunrisers Hyderabad,171,185.28902321688912,14.28902321688912,14.28902321688912,8.356153928005334,160-189
1359522,2023-05-05,2023,Sawai Mansingh Stadium,Rajasthan Royals,Gujarat Titans,118,180.31683262032823,62.31683262032823,62.31683262032823,52.810875101973075,Below 130
1359523,2023-05-06,2023,MA Chidambaram Stadium,Mumbai Indians,Chennai Super Kings,139,183.3678384928409,44.36783849284089,44.36783849284089,31.919308268230857,130-159
1359524,2023-05-06,2023,Arun Jaitley Stadium,Royal Challengers Bengaluru,Delhi Capitals,181,188.12026139760258,7.120261397602576,7.120261397602576,3.9338460760235225,160-189
1359525,2023-05-07,2023,Narendra Modi Stadium,Gujarat Titans,Lucknow Super Giants,227,183.12990365961335,-43.87009634038665,43.87009634038665,19.32603363012628,220+
1359526,2023-05-07,2023,Sawai Mansingh Stadium,Rajasthan Royals,Sunrisers Hyderabad,214,180.97998937157718,-33.020010628422824,33.020010628422824,15.429911508608797,190-219
1359527,2023-05-08,2023,Eden Gardens,Punjab Kings,Kolkata Knight Riders,179,198.03615214172825,19.03615214172825,19.03615214172825,10.634721866887292,160-189
1359528,2023-05-09,2023,Wankhede Stadium,Royal Challengers Bengaluru,Mumbai Indians,199,192.4295357086969,-6.570464291303097,6.570464291303097,3.301740849901053,190-219
1359529,2023-05-10,2023,MA Chidambaram Stadium,Chennai Super Kings,Delhi Capitals,167,179.5289117209745,12.528911720974492,12.528911720974492,7.502342347888917,160-189
1359530,2023-05-11,2023,Eden Gardens,Kolkata Knight Riders,Rajasthan Royals,149,196.26863441874332,47.26863441874332,47.26863441874332,31.723915717277396,130-159
1359531,2023-05-12,2023,Wankhede Stadium,Mumbai Indians,Gujarat Titans,218,190.07032687596183,-27.929673124038175,27.929673124038175,12.811776662402833,190-219
1359532,2023-05-13,2023,Rajiv Gandhi International Stadium,Sunrisers Hyderabad,Lucknow Super Giants,182,172.16662232526923,-9.83337767473077,9.83337767473077,5.402954766335587,160-189
1359533,2023-05-13,2023,Arun Jaitley Stadium,Punjab Kings,Delhi Capitals,167,183.93955915440358,16.939559154403582,16.939559154403582,10.143448595451247,160-189
1359534,2023-05-14,2023,Sawai Mansingh Stadium,Royal Challengers Bengaluru,Rajasthan Royals,171,179.22867470507794,8.228674705077935,8.228674705077935,4.812090470805811,160-189
1359535,2023-05-14,2023,MA Chidambaram Stadium,Chennai Super Kings,Kolkata Knight Riders,144,179.78612734532462,35.786127345324616,35.786127345324616,24.851477323142092,130-159
1359536,2023-05-15,2023,Narendra Modi Stadium,Gujarat Titans,Sunrisers Hyderabad,188,195.2681991717384,7.268199171738388,7.268199171738388,3.8660633892225467,160-189
1359537,2023-05-16,2023,Bharat Ratna Shri Atal Bihari Vajpayee Ekana Cricket Stadium,Lucknow Super Giants,Mumbai Indians,177,189.544979218214,12.544979218213996,12.544979218213996,7.087558880346891,160-189
1359538,2023-05-17,2023,Himachal Pradesh Cricket Association Stadium,Delhi Capitals,Punjab Kings,213,187.12986598617525,-25.870134013824753,25.870134013824753,12.145602823391902,190-219
1359539,2023-05-18,2023,Rajiv Gandhi International Stadium,Sunrisers Hyderabad,Royal Challengers Bengaluru,186,183.72728862530536,-2.2727113746946372,2.2727113746946372,1.221887835857332,160-189
1359540,2023-05-19,2023,Himachal Pradesh Cricket Association Stadium,Punjab Kings,Rajasthan Royals,187,187.99200214122334,0.9920021412233382,0.9920021412233382,0.5304824284616783,160-189
1359541,2023-05-20,2023,Arun Jaitley Stadium,Chennai Super Kings,Delhi Capitals,223,189.19946491598435,-33.80053508401565,33.80053508401565,15.15719062063482,220+
1359542,2023-05-20,2023,Eden Gardens,Lucknow Super Giants,Kolkata Knight Riders,176,189.2780131637019,13.2780131637019,13.2780131637019,7.544325661194261,160-189
1359543,2023-05-21,2023,Wankhede Stadium,Sunrisers Hyderabad,Mumbai Indians,200,194.43993335777168,-5.560066642228321,5.560066642228321,2.7800333211141606,190-219
1359544,2023-05-21,2023,M Chinnaswamy Stadium,Royal Challengers Bengaluru,Gujarat Titans,197,186.68818865191753,-10.311811348082472,10.311811348082472,5.234422004102777,190-219
1370350,2023-05-23,2023,MA Chidambaram Stadium,Chennai Super Kings,Gujarat Titans,172,176.6935378850257,4.693537885025705,4.693537885025705,2.7288010959451774,160-189
1370351,2023-05-24,2023,MA Chidambaram Stadium,Mumbai Indians,Lucknow Super Giants,182,179.91830389586752,-2.081696104132476,2.081696104132476,1.1437890682046572,160-189
1370352,2023-05-26,2023,Narendra Modi Stadium,Gujarat Titans,Mumbai Indians,233,200.72462092821516,-32.27537907178484,32.27537907178484,13.852094022225254,220+
1370353,2023-05-29,2023,Narendra Modi Stadium,Gujarat Titans,Chennai Super Kings,214,190.6216426854321,-23.378357314567893,23.378357314567893,10.92446603484481,190-219
1422119,2024-03-22,2024,MA Chidambaram Stadium,Royal Challengers Bengaluru,Chennai Super Kings,173,187.8713967500738,14.871396750073814,14.871396750073814,8.596183092528216,160-189
1422120,2024-03-23,2024,Maharaja Yadavindra Singh International Cricket Stadium,Delhi Capitals,Punjab Kings,174,167.1581178409298,-6.841882159070195,6.841882159070195,3.9321161833736755,160-189
1422121,2024-03-23,2024,Eden Gardens,Kolkata Knight Riders,Sunrisers Hyderabad,208,199.20402594497776,-8.795974055022242,8.795974055022242,4.2288336802991555,190-219
1422122,2024-03-24,2024,Sawai Mansingh Stadium,Rajasthan Royals,Lucknow Super Giants,193,170.9351622772756,-22.064837722724405,22.064837722724405,11.432558405556687,190-219
1422123,2024-03-24,2024,Narendra Modi Stadium,Gujarat Titans,Mumbai Indians,168,207.63825901529287,39.638259015292874,39.638259015292874,23.594201794817188,160-189
1422124,2024-03-25,2024,M Chinnaswamy Stadium,Punjab Kings,Royal Challengers Bengaluru,176,193.07174996056125,17.07174996056125,17.07174996056125,9.699857932137073,160-189
1422125,2024-03-26,2024,MA Chidambaram Stadium,Chennai Super Kings,Gujarat Titans,206,181.56599320379163,-24.434006796208365,24.434006796208365,11.861168347673964,190-219
1422126,2024-03-27,2024,Rajiv Gandhi International Stadium,Sunrisers Hyderabad,Mumbai Indians,277,193.28023223366003,-83.71976776633997,83.71976776633997,30.223742875935006,220+
1422127,2024-03-28,2024,Sawai Mansingh Stadium,Rajasthan Royals,Delhi Capitals,185,180.72363862316138,-4.276361376838622,4.276361376838622,2.311546690183039,160-189
1422128,2024-03-29,2024,M Chinnaswamy Stadium,Royal Challengers Bengaluru,Kolkata Knight Riders,182,199.42077738934577,17.420777389345773,17.420777389345773,9.571855708431745,160-189
1422129,2024-03-30,2024,Bharat Ratna Shri Atal Bihari Vajpayee Ekana Cricket Stadium,Lucknow Super Giants,Punjab Kings,199,178.63709597389746,-20.36290402610254,20.36290402610254,10.23261508849374,190-219
1422130,2024-03-31,2024,Narendra Modi Stadium,Sunrisers Hyderabad,Gujarat Titans,162,187.68732003711423,25.687320037114233,25.687320037114233,15.856370393280391,160-189
1422131,2024-03-31,2024,Dr. Y.S. Rajasekhara Reddy ACA-VDCA Cricket Stadium,Delhi Capitals,Chennai Super Kings,191,198.08724224580456,7.0872422458045605,7.0872422458045605,3.7105980344526492,190-219
1422132,2024-04-01,2024,Wankhede Stadium,Mumbai Indians,Rajasthan Royals,125,193.8859683064882,68.8859683064882,68.8859683064882,55.108774645190564,Below 130
1422133,2024-04-02,2024,M Chinnaswamy Stadium,Lucknow Super Giants,Royal Challengers Bengaluru,181,185.60529057179917,4.6052905717991734,4.6052905717991734,2.5443594319332448,160-189
1422134,2024-04-03,2024,Dr. Y.S. Rajasekhara Reddy ACA-VDCA Cricket Stadium,Kolkata Knight Riders,Delhi Capitals,272,194.55412159357945,-77.44587840642055,77.44587840642055,28.472749414125204,220+
1422135,2024-04-04,2024,Narendra Modi Stadium,Gujarat Titans,Punjab Kings,199,185.5902116597496,-13.409788340250401,13.409788340250401,6.738587105653468,190-219
1422136,2024-04-05,2024,Rajiv Gandhi International Stadium,Chennai Super Kings,Sunrisers Hyderabad,165,182.89560901450977,17.895609014509773,17.895609014509773,10.84582364515744,160-189
1422137,2024-04-06,2024,Sawai Mansingh Stadium,Royal Challengers Bengaluru,Rajasthan Royals,183,189.48565364952916,6.485653649529155,6.485653649529155,3.5440730325295924,160-189
1422138,2024-04-07,2024,Wankhede Stadium,Mumbai Indians,Delhi Capitals,234,199.97292591276388,-34.027074087236116,34.027074087236116,14.541484652665007,220+
1422139,2024-04-07,2024,Bharat Ratna Shri Atal Bihari Vajpayee Ekana Cricket Stadium,Lucknow Super Giants,Gujarat Titans,163,178.88528371097956,15.885283710979564,15.885283710979564,9.74557282882182,160-189
1426260,2024-04-08,2024,MA Chidambaram Stadium,Kolkata Knight Riders,Chennai Super Kings,137,177.18573308125696,40.185733081256956,40.185733081256956,29.332651884129163,130-159
1426261,2024-04-09,2024,Maharaja Yadavindra Singh International Cricket Stadium,Sunrisers Hyderabad,Punjab Kings,182,166.94996899866075,-15.05003100133925,15.05003100133925,8.269247802933654,160-189
1426262,2024-04-10,2024,Sawai Mansingh Stadium,Rajasthan Royals,Gujarat Titans,196,179.88101620866163,-16.118983791338366,16.118983791338366,8.22397132211141,190-219
1426263,2024-04-11,2024,Wankhede Stadium,Royal Challengers Bengaluru,Mumbai Indians,196,204.8566621290404,8.856662129040387,8.856662129040387,4.518705167877749,190-219
1426264,2024-04-12,2024,Bharat Ratna Shri Atal Bihari Vajpayee Ekana Cricket Stadium,Lucknow Super Giants,Delhi Capitals,167,181.0623109037868,14.062310903786795,14.062310903786795,8.420545451369337,160-189
1426265,2024-04-13,2024,Maharaja Yadavindra Singh International Cricket Stadium,Punjab Kings,Rajasthan Royals,147,169.51290085360225,22.512900853602247,22.512900853602247,15.314898539865474,130-159
1426266,2024-04-14,2024,Eden Gardens,Lucknow Super Giants,Kolkata Knight Riders,161,197.62159386702908,36.62159386702908,36.62159386702908,22.746331594428,160-189
1426267,2024-04-14,2024,Wankhede Stadium,Chennai Super Kings,Mumbai Indians,206,197.4648661893844,-8.535133810615605,8.535133810615605,4.143268840104663,190-219
1426268,2024-04-15,2024,M Chinnaswamy Stadium,Sunrisers Hyderabad,Royal Challengers Bengaluru,287,195.40742026414802,-91.59257973585198,91.59257973585198,31.91379084872891,220+
1426269,2024-04-16,2024,Eden Gardens,Kolkata Knight Riders,Rajasthan Royals,223,186.20035876454503,-36.79964123545497,36.79964123545497,16.50208127150447,220+
1426270,2024-04-17,2024,Narendra Modi Stadium,Gujarat Titans,Delhi Capitals,89,186.15315391668895,97.15315391668895,97.15315391668895,109.16084709740332,Below 130
1426271,2024-04-18,2024,Maharaja Yadavindra Singh International Cricket Stadium,Mumbai Indians,Punjab Kings,192,189.6694377476103,-2.3305622523897114,2.3305622523897114,1.2138345064529745,190-219
1426272,2024-04-19,2024,Bharat Ratna Shri Atal Bihari Vajpayee Ekana Cricket Stadium,Chennai Super Kings,Lucknow Super Giants,176,173.1277212359751,-2.8722787640249123,2.8722787640249123,1.6319765704687004,160-189
1426273,2024-04-20,2024,Arun Jaitley Stadium,Sunrisers Hyderabad,Delhi Capitals,266,208.27933573986323,-57.72066426013677,57.72066426013677,21.69949784215668,220+
1426274,2024-04-21,2024,Eden Gardens,Kolkata Knight Riders,Royal Challengers Bengaluru,222,195.66352706422802,-26.33647293577198,26.33647293577198,11.863276097194584,220+
1426275,2024-04-21,2024,Maharaja Yadavindra Singh International Cricket Stadium,Punjab Kings,Gujarat Titans,142,158.29305420828786,16.293054208287856,16.293054208287856,11.473981836822434,130-159
1426276,2024-04-22,2024,Sawai Mansingh Stadium,Mumbai Indians,Rajasthan Royals,179,192.12382865844924,13.123828658449241,13.123828658449241,7.331747853882257,160-189
1426277,2024-04-23,2024,MA Chidambaram Stadium,Chennai Super Kings,Lucknow Super Giants,210,176.09567320403104,-33.904326795968956,33.904326795968956,16.14491752188998,190-219
1426278,2024-04-24,2024,Arun Jaitley Stadium,Delhi Capitals,Gujarat Titans,224,200.27043258199254,-23.729567418007463,23.729567418007463,10.593556883039046,220+
1426279,2024-04-25,2024,Rajiv Gandhi International Stadium,Royal Challengers Bengaluru,Sunrisers Hyderabad,206,194.54262407950688,-11.45737592049312,11.45737592049312,5.561832971113166,190-219
1426280,2024-04-26,2024,Eden Gardens,Kolkata Knight Riders,Punjab Kings,261,202.42990529399466,-58.570094706005335,58.570094706005335,22.44064931264572,220+
1426281,2024-04-27,2024,Arun Jaitley Stadium,Delhi Capitals,Mumbai Indians,257,204.22816509162425,-52.77183490837575,52.77183490837575,20.53378790209173,220+
1426282,2024-04-27,2024,Bharat Ratna Shri Atal Bihari Vajpayee Ekana Cricket Stadium,Lucknow Super Giants,Rajasthan Royals,196,189.18642817663599,-6.813571823364015,6.813571823364015,3.4763121547775584,190-219
1426283,2024-04-28,2024,Narendra Modi Stadium,Gujarat Titans,Royal Challengers Bengaluru,200,184.53782899555569,-15.462171004444315,15.462171004444315,7.731085502222157,190-219
1426284,2024-04-28,2024,MA Chidambaram Stadium,Chennai Super Kings,Sunrisers Hyderabad,212,180.59664415019415,-31.40335584980585,31.40335584980585,14.812903702738609,190-219
1426285,2024-04-29,2024,Eden Gardens,Delhi Capitals,Kolkata Knight Riders,153,192.0041565561723,39.00415655617229,39.00415655617229,25.492912781811956,130-159
1426286,2024-04-30,2024,Bharat Ratna Shri Atal Bihari Vajpayee Ekana Cricket Stadium,Mumbai Indians,Lucknow Super Giants,144,187.61571818707364,43.61571818707364,43.61571818707364,30.288693185467807,130-159
1426287,2024-05-01,2024,MA Chidambaram Stadium,Chennai Super Kings,Punjab Kings,162,180.1706871680098,18.170687168009806,18.170687168009806,11.21647356049988,160-189
1426288,2024-05-02,2024,Rajiv Gandhi International Stadium,Sunrisers Hyderabad,Rajasthan Royals,201,193.80979491930952,-7.190205080690475,7.190205080690475,3.5772164580549632,190-219
1426289,2024-05-03,2024,Wankhede Stadium,Kolkata Knight Riders,Mumbai Indians,169,202.54215499547897,33.54215499547897,33.54215499547897,19.84742899140767,160-189
1426290,2024-05-04,2024,M Chinnaswamy Stadium,Gujarat Titans,Royal Challengers Bengaluru,147,190.25025886225976,43.250258862259756,43.250258862259756,29.421944804258338,130-159
1426291,2024-05-05,2024,Himachal Pradesh Cricket Association Stadium,Chennai Super Kings,Punjab Kings,167,186.09615984864857,19.09615984864857,19.09615984864857,11.43482625667579,160-189
1426292,2024-05-05,2024,Bharat Ratna Shri Atal Bihari Vajpayee Ekana Cricket Stadium,Kolkata Knight Riders,Lucknow Super Giants,235,185.83642030189716,-49.163579698102836,49.163579698102836,20.920672211958653,220+
1426293,2024-05-06,2024,Wankhede Stadium,Sunrisers Hyderabad,Mumbai Indians,173,209.10189227786722,36.10189227786722,36.10189227786722,20.868145825356777,160-189
1426294,2024-05-07,2024,Arun Jaitley Stadium,Delhi Capitals,Rajasthan Royals,221,194.26366279303355,-26.736337206966454,26.736337206966454,12.097890138898848,220+
1426295,2024-05-08,2024,Rajiv Gandhi International Stadium,Lucknow Super Giants,Sunrisers Hyderabad,165,187.32319638405042,22.32319638405042,22.32319638405042,13.529209929727525,160-189
1426296,2024-05-09,2024,Himachal Pradesh Cricket Association Stadium,Royal Challengers Bengaluru,Punjab Kings,241,196.65041669304537,-44.34958330695463,44.34958330695463,18.402316724877437,220+
1426297,2024-05-10,2024,Narendra Modi Stadium,Gujarat Titans,Chennai Super Kings,231,187.1755198165601,-43.8244801834399,43.8244801834399,18.971636443047576,220+
1426298,2024-05-11,2024,Eden Gardens,Kolkata Knight Riders,Mumbai Indians,157,192.78693464599007,35.78693464599007,35.78693464599007,22.794225889165652,130-159
1426299,2024-05-12,2024,MA Chidambaram Stadium,Rajasthan Royals,Chennai Super Kings,141,173.41761567116632,32.41761567116632,32.41761567116632,22.991216788061216,130-159
1426300,2024-05-12,2024,M Chinnaswamy Stadium,Royal Challengers Bengaluru,Delhi Capitals,187,193.40540868551133,6.405408685511333,6.405408685511333,3.425352238241354,160-189
1426302,2024-05-14,2024,Arun Jaitley Stadium,Delhi Capitals,Lucknow Super Giants,208,199.2905463530072,-8.709453646992813,8.709453646992813,4.187237330285006,190-219
1426303,2024-05-15,2024,Barsapara Cricket Stadium,Rajasthan Royals,Punjab Kings,144,167.86418876238452,23.864188762384515,23.864188762384515,16.57235330721147,130-159
1426305,2024-05-17,2024,Wankhede Stadium,Lucknow Super Giants,Mumbai Indians,214,195.92527007437488,-18.07472992562512,18.07472992562512,8.446135479264075,190-219
1426306,2024-05-18,2024,M Chinnaswamy Stadium,Royal Challengers Bengaluru,Chennai Super Kings,218,198.5249636410091,-19.475036358990906,19.475036358990906,8.933502916968305,190-219
1426307,2024-05-19,2024,Rajiv Gandhi International Stadium,Punjab Kings,Sunrisers Hyderabad,214,208.59264535756233,-5.407354642437667,5.407354642437667,2.5268012347839566,190-219
1426309,2024-05-21,2024,Narendra Modi Stadium,Sunrisers Hyderabad,Kolkata Knight Riders,159,194.80802662614187,35.80802662614187,35.80802662614187,22.520771462982307,130-159
1426310,2024-05-22,2024,Narendra Modi Stadium,Royal Challengers Bengaluru,Rajasthan Royals,172,193.4175331022861,21.417533102286086,21.417533102286086,12.452054129236096,160-189
1426311,2024-05-24,2024,MA Chidambaram Stadium,Sunrisers Hyderabad,Rajasthan Royals,175,197.4786308751175,22.47863087511749,22.47863087511749,12.844931928638564,160-189
1426312,2024-05-26,2024,MA Chidambaram Stadium,Sunrisers Hyderabad,Kolkata Knight Riders,113,182.48987580185985,69.48987580185985,69.48987580185985,61.49546531138041,Below 130
1473438,2025-03-22,2025,Eden Gardens,Kolkata Knight Riders,Royal Challengers Bengaluru,174,193.9281991512496,19.9281991512496,19.9281991512496,11.452988017959541,160-189
1473439,2025-03-23,2025,Rajiv Gandhi International Stadium,Sunrisers Hyderabad,Rajasthan Royals,286,193.7675479607388,-92.2324520392612,92.2324520392612,32.24910910463679,220+
1473440,2025-03-23,2025,MA Chidambaram Stadium,Mumbai Indians,Chennai Super Kings,155,183.93990715162758,28.93990715162758,28.93990715162758,18.670907839759728,130-159
1473441,2025-03-24,2025,Dr. Y.S. Rajasekhara Reddy ACA-VDCA Cricket Stadium,Lucknow Super Giants,Delhi Capitals,209,188.16247135044983,-20.837528649550165,20.837528649550165,9.970109401698645,190-219
1473442,2025-03-25,2025,Narendra Modi Stadium,Punjab Kings,Gujarat Titans,243,194.59560916397263,-48.404390836027375,48.404390836027375,19.919502401657354,220+
1473443,2025-03-26,2025,Barsapara Cricket Stadium,Rajasthan Royals,Kolkata Knight Riders,151,173.648313390981,22.648313390981002,22.648313390981002,14.998883040384769,130-159
1473444,2025-03-27,2025,Rajiv Gandhi International Stadium,Sunrisers Hyderabad,Lucknow Super Giants,190,192.38507845222037,2.3850784522203696,2.3850784522203696,1.2553044485370366,190-219
1473445,2025-03-28,2025,MA Chidambaram Stadium,Royal Challengers Bengaluru,Chennai Super Kings,196,189.70343809098853,-6.296561909011473,6.296561909011473,3.212531586230343,190-219
1473446,2025-03-29,2025,Narendra Modi Stadium,Gujarat Titans,Mumbai Indians,196,190.59683479023371,-5.403165209766286,5.403165209766286,2.7567169437583092,190-219
1473447,2025-03-30,2025,Dr. Y.S. Rajasekhara Reddy ACA-VDCA Cricket Stadium,Sunrisers Hyderabad,Delhi Capitals,163,181.78209769102756,18.78209769102756,18.78209769102756,11.52275931964881,160-189
1473448,2025-03-30,2025,Barsapara Cricket Stadium,Rajasthan Royals,Chennai Super Kings,182,179.61621776100088,-2.3837822389991175,2.3837822389991175,1.3097704609885261,160-189
1473449,2025-03-31,2025,Wankhede Stadium,Kolkata Knight Riders,Mumbai Indians,116,184.84331198593833,68.84331198593833,68.84331198593833,59.347682746498556,Below 130
1473450,2025-04-01,2025,Bharat Ratna Shri Atal Bihari Vajpayee Ekana Cricket Stadium,Lucknow Super Giants,Punjab Kings,171,185.6126589766421,14.612658976642109,14.612658976642109,8.545414606223456,160-189
1473451,2025-04-02,2025,M Chinnaswamy Stadium,Royal Challengers Bengaluru,Gujarat Titans,169,200.54875708352435,31.54875708352435,31.54875708352435,18.66790359971855,160-189
1473452,2025-04-03,2025,Eden Gardens,Kolkata Knight Riders,Sunrisers Hyderabad,200,195.73692546846252,-4.263074531537484,4.263074531537484,2.131537265768742,190-219
1473453,2025-04-04,2025,Bharat Ratna Shri Atal Bihari Vajpayee Ekana Cricket Stadium,Lucknow Super Giants,Mumbai Indians,203,188.6537288731485,-14.34627112685149,14.34627112685149,7.06712863391699,190-219
1473454,2025-04-05,2025,MA Chidambaram Stadium,Delhi Capitals,Chennai Super Kings,183,192.87980003172862,9.879800031728621,9.879800031728621,5.398797831545695,160-189
1473455,2025-04-05,2025,Maharaja Yadavindra Singh International Cricket Stadium,Rajasthan Royals,Punjab Kings,205,189.8265682420737,-15.173431757926295,15.173431757926295,7.401674028256728,190-219
1473457,2025-04-06,2025,Rajiv Gandhi International Stadium,Sunrisers Hyderabad,Gujarat Titans,152,194.59493922268715,42.594939222687145,42.594939222687145,28.022986330715227,130-159
1473458,2025-04-07,2025,Wankhede Stadium,Royal Challengers Bengaluru,Mumbai Indians,221,185.03354614476163,-35.96645385523837,35.96645385523837,16.274413509157633,220+
1473456,2025-04-08,2025,Eden Gardens,Lucknow Super Giants,Kolkata Knight Riders,238,182.47041524630004,-55.529584753699964,55.529584753699964,23.331758299873933,220+
1473459,2025-04-08,2025,Maharaja Yadavindra Singh International Cricket Stadium,Punjab Kings,Chennai Super Kings,219,175.84370410076704,-43.15629589923296,43.15629589923296,19.706071186864367,190-219
1473460,2025-04-09,2025,Narendra Modi Stadium,Gujarat Titans,Rajasthan Royals,217,189.6430910775023,-27.356908922497695,27.356908922497695,12.606870471197096,190-219
1473461,2025-04-10,2025,M Chinnaswamy Stadium,Royal Challengers Bengaluru,Delhi Capitals,163,185.56272782826642,22.562727828266418,22.562727828266418,13.842164311819888,160-189
1473462,2025-04-11,2025,MA Chidambaram Stadium,Chennai Super Kings,Kolkata Knight Riders,103,182.30507618928704,79.30507618928704,79.30507618928704,76.99521960124956,Below 130
1473463,2025-04-12,2025,Bharat Ratna Shri Atal Bihari Vajpayee Ekana Cricket Stadium,Gujarat Titans,Lucknow Super Giants,180,180.14732333400426,0.14732333400425546,0.14732333400425546,0.08184629666903082,160-189
1473464,2025-04-12,2025,Rajiv Gandhi International Stadium,Punjab Kings,Sunrisers Hyderabad,245,199.5262626322349,-45.4737373677651,45.4737373677651,18.56070912970004,220+
1473465,2025-04-13,2025,Sawai Mansingh Stadium,Rajasthan Royals,Royal Challengers Bengaluru,173,194.15403704077622,21.154037040776217,21.154037040776217,12.227767075593189,160-189
1473466,2025-04-13,2025,Arun Jaitley Stadium,Mumbai Indians,Delhi Capitals,205,191.28987961014,-13.710120389860009,13.710120389860009,6.68786360480976,190-219
1473467,2025-04-14,2025,Bharat Ratna Shri Atal Bihari Vajpayee Ekana Cricket Stadium,Lucknow Super Giants,Chennai Super Kings,166,188.93349672104085,22.933496721040854,22.933496721040854,13.81535947050654,160-189
1473468,2025-04-15,2025,Maharaja Yadavindra Singh International Cricket Stadium,Punjab Kings,Kolkata Knight Riders,111,172.64848298916093,61.648482989160925,61.648482989160925,55.53917386410894,Below 130
1473469,2025-04-16,2025,Arun Jaitley Stadium,Delhi Capitals,Rajasthan Royals,188,187.5604575947873,-0.4395424052127055,0.4395424052127055,0.23379915170888588,160-189
1473470,2025-04-17,2025,Wankhede Stadium,Sunrisers Hyderabad,Mumbai Indians,162,187.9872742805874,25.9872742805874,25.9872742805874,16.041527333695925,160-189
1473471,2025-04-18,2025,M Chinnaswamy Stadium,Royal Challengers Bengaluru,Punjab Kings,95,183.67849989474843,88.67849989474843,88.67849989474843,93.34578936289309,Below 130
1473472,2025-04-19,2025,Narendra Modi Stadium,Delhi Capitals,Gujarat Titans,203,190.40764744310096,-12.592352556899044,12.592352556899044,6.2031293383739134,190-219
1473473,2025-04-19,2025,Sawai Mansingh Stadium,Lucknow Super Giants,Rajasthan Royals,180,192.0474702822142,12.047470282214192,12.047470282214192,6.693039045674551,160-189
1473474,2025-04-20,2025,Maharaja Yadavindra Singh International Cricket Stadium,Punjab Kings,Royal Challengers Bengaluru,157,173.86657355985977,16.866573559859773,16.866573559859773,10.743040483987116,130-159
1473475,2025-04-20,2025,Wankhede Stadium,Chennai Super Kings,Mumbai Indians,176,193.20256884310783,17.202568843107827,17.202568843107827,9.774186842674903,160-189
1473476,2025-04-21,2025,Eden Gardens,Gujarat Titans,Kolkata Knight Riders,198,184.60143695970416,-13.39856304029584,13.39856304029584,6.766951030452445,190-219
1473477,2025-04-22,2025,Bharat Ratna Shri Atal Bihari Vajpayee Ekana Cricket Stadium,Lucknow Super Giants,Delhi Capitals,159,180.5491327896807,21.549132789680698,21.549132789680698,13.552913704201696,130-159
1473478,2025-04-23,2025,Rajiv Gandhi International Stadium,Sunrisers Hyderabad,Mumbai Indians,143,189.59700481773257,46.59700481773257,46.59700481773257,32.58531805435844,130-159
1473479,2025-04-24,2025,M Chinnaswamy Stadium,Royal Challengers Bengaluru,Rajasthan Royals,205,186.55436685307433,-18.445633146925672,18.445633146925672,8.99786982776862,190-219
1473480,2025-04-25,2025,MA Chidambaram Stadium,Chennai Super Kings,Sunrisers Hyderabad,154,181.5918773357092,27.5918773357092,27.5918773357092,17.916803464746234,130-159
1473481,2025-04-26,2025,Eden Gardens,Punjab Kings,Kolkata Knight Riders,201,176.41122351148715,-24.58877648851285,24.58877648851285,12.233222133588482,190-219
1473482,2025-04-27,2025,Wankhede Stadium,Mumbai Indians,Lucknow Super Giants,215,195.13700092027088,-19.86299907972912,19.86299907972912,9.238604223129823,190-219
1473483,2025-04-27,2025,Arun Jaitley Stadium,Delhi Capitals,Royal Challengers Bengaluru,162,192.40008648683903,30.40008648683903,30.40008648683903,18.765485485703103,160-189
1473484,2025-04-28,2025,Sawai Mansingh Stadium,Gujarat Titans,Rajasthan Royals,209,194.0443566472434,-14.955643352756596,14.955643352756596,7.15581021662995,190-219
1473485,2025-04-29,2025,Arun Jaitley Stadium,Kolkata Knight Riders,Delhi Capitals,204,178.9385805700616,-25.06141942993841,25.06141942993841,12.285009524479614,190-219
1473486,2025-04-30,2025,MA Chidambaram Stadium,Chennai Super Kings,Punjab Kings,190,189.31950843471682,-0.6804915652831767,0.6804915652831767,0.3581534554121983,190-219
1473487,2025-05-01,2025,Sawai Mansingh Stadium,Mumbai Indians,Rajasthan Royals,217,186.5268330821919,-30.4731669178081,30.4731669178081,14.042934063506038,190-219
1473488,2025-05-02,2025,Narendra Modi Stadium,Gujarat Titans,Sunrisers Hyderabad,224,196.20989171778555,-27.790108282214447,27.790108282214447,12.406298340274306,220+
1473489,2025-05-03,2025,M Chinnaswamy Stadium,Royal Challengers Bengaluru,Chennai Super Kings,213,188.56112240708944,-24.438877592910558,24.438877592910558,11.473651452070685,190-219
1473490,2025-05-04,2025,Eden Gardens,Kolkata Knight Riders,Rajasthan Royals,206,197.78465563228383,-8.21534436771617,8.21534436771617,3.9880312464641605,190-219
1473491,2025-05-04,2025,Himachal Pradesh Cricket Association Stadium,Punjab Kings,Lucknow Super Giants,236,199.75930121145052,-36.24069878854948,36.24069878854948,15.35622830023283,220+
1473492,2025-05-05,2025,Rajiv Gandhi International Stadium,Delhi Capitals,Sunrisers Hyderabad,133,195.05953979722338,62.05953979722338,62.05953979722338,46.66130811821307,130-159
1473493,2025-05-06,2025,Wankhede Stadium,Mumbai Indians,Gujarat Titans,155,191.72559814123002,36.72559814123002,36.72559814123002,23.69393428466453,130-159
1473494,2025-05-07,2025,Eden Gardens,Kolkata Knight Riders,Chennai Super Kings,179,191.97672814405541,12.976728144055414,12.976728144055414,7.249568795561684,160-189
1473495,2025-05-08,2025,Himachal Pradesh Cricket Association Stadium,Punjab Kings,Delhi Capitals,122,177.11232166487676,55.11232166487676,55.11232166487676,45.17403415153833,Below 130
1473497,2025-05-18,2025,Sawai Mansingh Stadium,Punjab Kings,Rajasthan Royals,219,193.8997245600268,-25.10027543997319,25.10027543997319,11.461312986289126,190-219
1473498,2025-05-18,2025,Arun Jaitley Stadium,Delhi Capitals,Gujarat Titans,199,184.78044003070497,-14.219559969295034,14.219559969295034,7.145507522258811,190-219
1473499,2025-05-19,2025,Bharat Ratna Shri Atal Bihari Vajpayee Ekana Cricket Stadium,Lucknow Super Giants,Sunrisers Hyderabad,205,177.63348374732388,-27.36651625267612,27.36651625267612,13.349520123256644,190-219
1473500,2025-05-20,2025,Arun Jaitley Stadium,Chennai Super Kings,Rajasthan Royals,187,208.31308008422985,21.313080084229853,21.313080084229853,11.39736902899992,160-189
1473501,2025-05-21,2025,Wankhede Stadium,Mumbai Indians,Delhi Capitals,180,179.97358797602803,-0.02641202397197162,0.02641202397197162,0.014673346651095345,160-189
1473502,2025-05-22,2025,Narendra Modi Stadium,Lucknow Super Giants,Gujarat Titans,235,184.92736136417628,-50.07263863582372,50.07263863582372,21.30750580247818,220+
1473503,2025-05-23,2025,Bharat Ratna Shri Atal Bihari Vajpayee Ekana Cricket Stadium,Sunrisers Hyderabad,Royal Challengers Bengaluru,231,196.51773956480721,-34.482260435192785,34.482260435192785,14.927385469780427,220+
1485779,2025-05-24,2025,Sawai Mansingh Stadium,Punjab Kings,Delhi Capitals,206,186.00976942038122,-19.990230579618782,19.990230579618782,9.703995426999407,190-219
1473504,2025-05-25,2025,Narendra Modi Stadium,Chennai Super Kings,Gujarat Titans,230,194.7951667323008,-35.2048332676992,35.2048332676992,15.306449246825741,220+
1473505,2025-05-25,2025,Arun Jaitley Stadium,Sunrisers Hyderabad,Kolkata Knight Riders,278,188.2750457814442,-89.72495421855581,89.72495421855581,32.27516338796971,220+
1473506,2025-05-26,2025,Sawai Mansingh Stadium,Mumbai Indians,Punjab Kings,184,180.19022507731037,-3.809774922689627,3.809774922689627,2.070529849287841,160-189
1473507,2025-05-27,2025,Bharat Ratna Shri Atal Bihari Vajpayee Ekana Cricket Stadium,Lucknow Super Giants,Royal Challengers Bengaluru,227,197.7019432301247,-29.298056769875302,29.298056769875302,12.90663293827106,220+
1473508,2025-05-29,2025,Maharaja Yadavindra Singh International Cricket Stadium,Punjab Kings,Royal Challengers Bengaluru,101,168.18045104055082,67.18045104055082,67.18045104055082,66.5152980599513,Below 130
1473509,2025-05-30,2025,Maharaja Yadavindra Singh International Cricket Stadium,Mumbai Indians,Gujarat Titans,228,180.7015504532512,-47.2984495467488,47.2984495467488,20.74493401173193,220+
1473510,2025-06-01,2025,Narendra Modi Stadium,Mumbai Indians,Punjab Kings,203,182.29097293452944,-20.709027065470565,20.709027065470565,10.201491165256437,190-219
1473511,2025-06-03,2025,Narendra Modi Stadium,Royal Challengers Bengaluru,Punjab Kings,190,176.95388338286864,-13.04611661713136,13.04611661713136,6.866377166911243,190-219
1527674,2026-03-28,2026,M Chinnaswamy Stadium,Sunrisers Hyderabad,Royal Challengers Bengaluru,201,198.8628609754847,-2.1371390245153066,2.1371390245153066,1.0632532460275157,190-219
1527675,2026-03-29,2026,Wankhede Stadium,Kolkata Knight Riders,Mumbai Indians,220,190.29115845603613,-29.70884154396387,29.70884154396387,13.504018883619942,220+
1527676,2026-03-30,2026,Barsapara Cricket Stadium,Chennai Super Kings,Rajasthan Royals,127,164.46735929356308,37.46735929356308,37.46735929356308,29.50185771146699,Below 130
1527677,2026-03-31,2026,Maharaja Yadavindra Singh International Cricket Stadium,Gujarat Titans,Punjab Kings,162,185.96015628004915,23.960156280049148,23.960156280049148,14.790219925956263,160-189
1527678,2026-04-01,2026,Bharat Ratna Shri Atal Bihari Vajpayee Ekana Cricket Stadium,Lucknow Super Giants,Delhi Capitals,141,187.2185430603532,46.2185430603532,46.2185430603532,32.77910855344198,130-159
1527679,2026-04-02,2026,Eden Gardens,Sunrisers Hyderabad,Kolkata Knight Riders,226,187.86298602132703,-38.13701397867297,38.13701397867297,16.874784946315472,220+
1527680,2026-04-03,2026,MA Chidambaram Stadium,Chennai Super Kings,Punjab Kings,209,182.92816686913406,-26.07183313086594,26.07183313086594,12.47456130663442,190-219
1527681,2026-04-04,2026,Arun Jaitley Stadium,Mumbai Indians,Delhi Capitals,162,172.85412267289288,10.854122672892885,10.854122672892885,6.700075724007953,160-189
1527682,2026-04-04,2026,Narendra Modi Stadium,Rajasthan Royals,Gujarat Titans,210,191.82902853136378,-18.170971468636225,18.170971468636225,8.65284355649344,190-219
1527683,2026-04-05,2026,Rajiv Gandhi International Stadium,Sunrisers Hyderabad,Lucknow Super Giants,156,198.9583346075564,42.958334607556395,42.958334607556395,27.537393979202818,130-159
1527684,2026-04-05,2026,M Chinnaswamy Stadium,Royal Challengers Bengaluru,Chennai Super Kings,250,189.43111895155656,-60.568881048443444,60.568881048443444,24.22755241937738,220+
1527685,2026-04-06,2026,Eden Gardens,Kolkata Knight Riders,Punjab Kings,25,181.0680255711984,156.0680255711984,156.0680255711984,624.2721022847936,Below 130
1527686,2026-04-07,2026,Barsapara Cricket Stadium,Rajasthan Royals,Mumbai Indians,150,181.47209318031923,31.472093180319234,31.472093180319234,20.981395453546156,130-159
1527687,2026-04-08,2026,Arun Jaitley Stadium,Gujarat Titans,Delhi Capitals,210,188.14107421877867,-21.85892578122133,21.85892578122133,10.409012276772062,190-219
1527688,2026-04-09,2026,Eden Gardens,Kolkata Knight Riders,Lucknow Super Giants,181,195.2732169655496,14.273216965549608,14.273216965549608,7.885755229585419,160-189
1527689,2026-04-10,2026,Barsapara Cricket Stadium,Royal Challengers Bengaluru,Rajasthan Royals,201,169.50041986754914,-31.49958013245086,31.49958013245086,15.671432901716845,190-219
1527690,2026-04-11,2026,Maharaja Yadavindra Singh International Cricket Stadium,Sunrisers Hyderabad,Punjab Kings,219,188.8080201337726,-30.1919798662274,30.1919798662274,13.786292176359543,190-219
1527691,2026-04-11,2026,MA Chidambaram Stadium,Chennai Super Kings,Delhi Capitals,212,190.95097203148052,-21.049027968519482,21.049027968519482,9.928786777603529,190-219
1527692,2026-04-12,2026,Bharat Ratna Shri Atal Bihari Vajpayee Ekana Cricket Stadium,Lucknow Super Giants,Gujarat Titans,164,196.94695678271887,32.94695678271887,32.94695678271887,20.089607794340775,160-189
1527693,2026-04-12,2026,Wankhede Stadium,Royal Challengers Bengaluru,Mumbai Indians,240,194.99304133610775,-45.00695866389225,45.00695866389225,18.752899443288438,220+
1529264,2026-04-13,2026,Rajiv Gandhi International Stadium,Sunrisers Hyderabad,Rajasthan Royals,216,205.9129575683787,-10.087042431621313,10.087042431621313,4.669927051676534,190-219
1529265,2026-04-14,2026,MA Chidambaram Stadium,Chennai Super Kings,Kolkata Knight Riders,192,188.12390431462686,-3.8760956853731443,3.8760956853731443,2.018799836131846,190-219
1529266,2026-04-15,2026,M Chinnaswamy Stadium,Lucknow Super Giants,Royal Challengers Bengaluru,146,182.7904030233696,36.790403023369606,36.790403023369606,25.19890618039014,130-159
1529267,2026-04-16,2026,Wankhede Stadium,Mumbai Indians,Punjab Kings,195,192.90494246770018,-2.095057532299819,2.095057532299819,1.0743884781024713,190-219
1529268,2026-04-17,2026,Narendra Modi Stadium,Kolkata Knight Riders,Gujarat Titans,180,191.51024810078408,11.510248100784082,11.510248100784082,6.394582278213379,160-189
1529269,2026-04-18,2026,M Chinnaswamy Stadium,Royal Challengers Bengaluru,Delhi Capitals,175,201.52320651931058,26.523206519310577,26.523206519310577,15.156118011034616,160-189
1529270,2026-04-18,2026,Rajiv Gandhi International Stadium,Sunrisers Hyderabad,Chennai Super Kings,194,192.2242012249766,-1.7757987750233895,1.7757987750233895,0.9153601933110255,190-219
1529271,2026-04-19,2026,Eden Gardens,Rajasthan Royals,Kolkata Knight Riders,155,193.8805140789231,38.88051407892311,38.88051407892311,25.0842026315633,130-159
1529272,2026-04-19,2026,Maharaja Yadavindra Singh International Cricket Stadium,Punjab Kings,Lucknow Super Giants,254,202.52426064930302,-51.47573935069698,51.47573935069698,20.266039114447633,220+
1529273,2026-04-20,2026,Narendra Modi Stadium,Mumbai Indians,Gujarat Titans,199,194.2986044289379,-4.701395571062108,4.701395571062108,2.3625103372171394,190-219
1529274,2026-04-21,2026,Rajiv Gandhi International Stadium,Sunrisers Hyderabad,Delhi Capitals,242,201.38875780018193,-40.611242199818065,40.611242199818065,16.781505041247136,220+
1529275,2026-04-22,2026,Bharat Ratna Shri Atal Bihari Vajpayee Ekana Cricket Stadium,Rajasthan Royals,Lucknow Super Giants,159,190.71974018848312,31.719740188483115,31.719740188483115,19.949522131121455,130-159
1529276,2026-04-23,2026,Wankhede Stadium,Chennai Super Kings,Mumbai Indians,207,209.0071945372216,2.007194537221608,2.007194537221608,0.9696591967254145,190-219
1529277,2026-04-24,2026,M Chinnaswamy Stadium,Gujarat Titans,Royal Challengers Bengaluru,205,189.38906750932057,-15.610932490679431,15.610932490679431,7.615089019843626,190-219
1529278,2026-04-25,2026,Arun Jaitley Stadium,Delhi Capitals,Punjab Kings,264,169.232645700889,-94.76735429911099,94.76735429911099,35.89672511329962,220+
1529279,2026-04-25,2026,Sawai Mansingh Stadium,Rajasthan Royals,Sunrisers Hyderabad,228,197.99201448476597,-30.007985515234026,30.007985515234026,13.161397155804396,220+
1529280,2026-04-26,2026,MA Chidambaram Stadium,Chennai Super Kings,Gujarat Titans,158,194.71328094363125,36.71328094363125,36.71328094363125,23.23625376179193,130-159
1529281,2026-04-26,2026,Bharat Ratna Shri Atal Bihari Vajpayee Ekana Cricket Stadium,Kolkata Knight Riders,Lucknow Super Giants,155,194.22803048770012,39.228030487700124,39.228030487700124,25.308406766258145,130-159
1529282,2026-04-27,2026,Arun Jaitley Stadium,Delhi Capitals,Royal Challengers Bengaluru,75,154.8739303467205,79.8739303467205,79.8739303467205,106.49857379562732,Below 130
1529283,2026-04-28,2026,Maharaja Yadavindra Singh International Cricket Stadium,Punjab Kings,Rajasthan Royals,222,195.86843759178933,-26.13156240821067,26.13156240821067,11.770974057752554,220+
1529284,2026-04-29,2026,Wankhede Stadium,Mumbai Indians,Sunrisers Hyderabad,243,197.28665162827284,-45.713348371727164,45.713348371727164,18.812077519229288,220+
1529285,2026-04-30,2026,Narendra Modi Stadium,Royal Challengers Bengaluru,Gujarat Titans,155,195.24123415023544,40.24123415023544,40.24123415023544,25.96208654853899,130-159
1529286,2026-05-01,2026,Sawai Mansingh Stadium,Rajasthan Royals,Delhi Capitals,225,199.89271070001186,-25.10728929998814,25.10728929998814,11.158795244439172,220+
1529287,2026-05-02,2026,MA Chidambaram Stadium,Mumbai Indians,Chennai Super Kings,159,182.42418939807212,23.424189398072116,23.424189398072116,14.732194589982464,130-159
1529288,2026-05-03,2026,Rajiv Gandhi International Stadium,Sunrisers Hyderabad,Kolkata Knight Riders,165,189.43075241006358,24.430752410063576,24.430752410063576,14.806516612159742,160-189
1529289,2026-05-03,2026,Narendra Modi Stadium,Punjab Kings,Gujarat Titans,163,193.5015184096435,30.501518409643495,30.501518409643495,18.712587981376377,160-189
1529290,2026-05-04,2026,Wankhede Stadium,Lucknow Super Giants,Mumbai Indians,228,194.4409177987955,-33.55908220120449,33.55908220120449,14.718895702282673,220+
1529291,2026-05-05,2026,Arun Jaitley Stadium,Delhi Capitals,Chennai Super Kings,155,155.82137209032967,0.8213720903296746,0.8213720903296746,0.5299174776320481,130-159
1529292,2026-05-06,2026,Rajiv Gandhi International Stadium,Sunrisers Hyderabad,Punjab Kings,235,207.91289471874808,-27.087105281251922,27.087105281251922,11.526427779256137,220+
1529293,2026-05-07,2026,Bharat Ratna Shri Atal Bihari Vajpayee Ekana Cricket Stadium,Lucknow Super Giants,Royal Challengers Bengaluru,209,187.32690634109576,-21.673093658904236,21.673093658904236,10.369901272202982,190-219
1529294,2026-05-08,2026,Arun Jaitley Stadium,Delhi Capitals,Kolkata Knight Riders,142,179.1823194755977,37.182319475597694,37.182319475597694,26.184732025068797,130-159
1529295,2026-05-09,2026,Sawai Mansingh Stadium,Gujarat Titans,Rajasthan Royals,229,197.85008271430254,-31.149917285697455,31.149917285697455,13.602583967553475,220+
1529296,2026-05-10,2026,MA Chidambaram Stadium,Lucknow Super Giants,Chennai Super Kings,203,187.87453617866547,-15.125463821334534,15.125463821334534,7.450967399672185,190-219
1529297,2026-05-10,2026,Shaheed Veer Narayan Singh International Stadium,Mumbai Indians,Royal Challengers Bengaluru,166,187.7777928129948,21.77779281299479,21.77779281299479,13.119152296984812,160-189
1529298,2026-05-11,2026,Himachal Pradesh Cricket Association Stadium,Punjab Kings,Delhi Capitals,210,202.94787184136814,-7.052128158631859,7.052128158631859,3.3581562660151714,190-219
1529299,2026-05-12,2026,Narendra Modi Stadium,Gujarat Titans,Sunrisers Hyderabad,168,195.54207751554313,27.542077515543127,27.542077515543127,16.394093759251863,160-189
1529300,2026-05-13,2026,Shaheed Veer Narayan Singh International Stadium,Kolkata Knight Riders,Royal Challengers Bengaluru,192,176.33278241901357,-15.667217580986431,15.667217580986431,8.160009156763765,190-219
1529301,2026-05-14,2026,Himachal Pradesh Cricket Association Stadium,Punjab Kings,Mumbai Indians,200,206.91175668512756,6.911756685127557,6.911756685127557,3.4558783425637785,190-219
1529302,2026-05-15,2026,Bharat Ratna Shri Atal Bihari Vajpayee Ekana Cricket Stadium,Chennai Super Kings,Lucknow Super Giants,187,192.14279919645662,5.142799196456622,5.142799196456622,2.750159998105145,160-189
1529303,2026-05-16,2026,Eden Gardens,Kolkata Knight Riders,Gujarat Titans,247,199.40056946601536,-47.599430533984645,47.599430533984645,19.27102450768609,220+
1529304,2026-05-17,2026,Himachal Pradesh Cricket Association Stadium,Royal Challengers Bengaluru,Punjab Kings,222,208.17943568839266,-13.820564311607342,13.820564311607342,6.225479419642946,220+
1529305,2026-05-17,2026,Arun Jaitley Stadium,Rajasthan Royals,Delhi Capitals,193,189.26979894877522,-3.730201051224782,3.730201051224782,1.93274665866569,190-219
1529306,2026-05-18,2026,MA Chidambaram Stadium,Chennai Super Kings,Sunrisers Hyderabad,180,186.00979614496953,6.009796144969528,6.009796144969528,3.3387756360941823,160-189
1529307,2026-05-19,2026,Sawai Mansingh Stadium,Lucknow Super Giants,Rajasthan Royals,220,198.70950182830035,-21.290498171699653,21.290498171699653,9.677499168954387,220+
1529308,2026-05-20,2026,Eden Gardens,Mumbai Indians,Kolkata Knight Riders,147,184.45125562198223,37.45125562198223,37.45125562198223,25.477044640804237,130-159
1529309,2026-05-21,2026,Narendra Modi Stadium,Gujarat Titans,Chennai Super Kings,229,198.99379601389631,-30.006203986103685,30.006203986103685,13.103145845460123,220+
1529310,2026-05-22,2026,Rajiv Gandhi International Stadium,Sunrisers Hyderabad,Royal Challengers Bengaluru,255,193.29240971874785,-61.70759028125215,61.70759028125215,24.199055012255748,220+
1529311,2026-05-23,2026,Bharat Ratna Shri Atal Bihari Vajpayee Ekana Cricket Stadium,Lucknow Super Giants,Punjab Kings,196,206.84443436023784,10.844434360237841,10.844434360237841,5.532874673590736,190-219
1529312,2026-05-24,2026,Wankhede Stadium,Rajasthan Royals,Mumbai Indians,205,195.62154896589308,-9.378451034106916,9.378451034106916,4.574854162978983,190-219
1529313,2026-05-24,2026,Eden Gardens,Delhi Capitals,Kolkata Knight Riders,203,193.06408753776404,-9.935912462235962,9.935912462235962,4.8945381587369265,190-219
1535462,2026-05-26,2026,Himachal Pradesh Cricket Association Stadium,Royal Challengers Bengaluru,Gujarat Titans,254,202.38053317554403,-51.61946682445597,51.61946682445597,20.322624734037785,220+
1535463,2026-05-27,2026,Maharaja Yadavindra Singh International Cricket Stadium,Rajasthan Royals,Sunrisers Hyderabad,243,205.5061644332298,-37.4938355667702,37.4938355667702,15.429561961633828,220+
1535464,2026-05-29,2026,Maharaja Yadavindra Singh International Cricket Stadium,Rajasthan Royals,Gujarat Titans,214,202.63419274997767,-11.365807250022328,11.365807250022328,5.311124883188004,190-219
1535465,2026-05-31,2026,Narendra Modi Stadium,Gujarat Titans,Royal Challengers Bengaluru,155,180.50911665410476,25.50911665410476,25.50911665410476,16.457494615551457,130-159
