venue,matches,actual_average,predicted_average,MAE,mean_error
Eden Gardens,24,186.20833333333334,191.97514755155888,33.44763780896807,5.766814218225536
Dr. Y.S. Rajasekhara Reddy ACA-VDCA Cricket Stadium,4,208.75,190.64648322021534,31.038186748200708,-18.10351677978465
Rajiv Gandhi International Stadium,22,199.04545454545453,193.43989623125242,30.654056307196026,-5.605558314202138
Arun Jaitley Stadium,22,198.6818181818182,186.75110280180462,30.52205462625135,-11.930715380013554
M Chinnaswamy Stadium,18,188.72222222222223,191.62645494846095,29.857665031394244,2.9042327262387158
Maharaja Yadavindra Singh International Cricket Stadium,17,186.58823529411765,181.9971789336986,29.115952705302682,-4.59105636041906
Narendra Modi Stadium,29,194.55172413793105,190.98614834570233,28.550174874957897,-3.565575792228704
Himachal Pradesh Cricket Association Stadium,10,205.2,195.5159664935852,26.106481574390024,-9.684033506414782
Wankhede Stadium,24,195.70833333333334,194.71407830457414,25.840307153505847,-0.9942550287591855
Barsapara Cricket Stadium,6,159.16666666666666,172.76143204263295,24.889219499782968,13.59476537596631
MA Chidambaram Stadium,27,171.37037037037038,184.03449712445084,24.880634874562173,12.664126754080439
Bharat Ratna Shri Atal Bihari Vajpayee Ekana Cricket Stadium,24,180.625,187.13843966938188,23.71165071563973,6.513439669381878
Sawai Mansingh Stadium,19,196.26315789473685,188.15744852376764,21.090603787429725,-8.105709370969201
Punjab Cricket Association IS Bindra Stadium,1,214.0,193.03081711200807,20.969182887991934,-20.969182887991934
Shaheed Veer Narayan Singh International Stadium,2,179.0,182.0552876160042,18.72250519699061,3.055287616004179
