batting_team,matches,actual_average,predicted_average,MAE,mean_error
Kolkata Knight Riders,24,186.79166666666666,190.62429392868776,36.67374223430696,3.8326272620211035
Sunrisers Hyderabad,31,202.48387096774192,190.65209819661445,35.06367065095414,-11.831772771127469
Punjab Kings,24,188.95833333333334,187.3009967335951,28.74075995428721,-1.6573365997382201
Delhi Capitals,19,186.73684210526315,185.27586144389105,28.30583626082072,-1.4609806613720944
Gujarat Titans,23,194.69565217391303,189.60871708696828,27.334559333191606,-5.086935086944737
Royal Challengers Bengaluru,28,194.82142857142858,190.3939874632421,24.61318282469384,-4.427441108186499
Mumbai Indians,24,184.41666666666666,187.25831044143698,24.264925171918573,2.8416437747703314
Lucknow Super Giants,29,187.0344827586207,187.7208440029278,24.085513298842212,0.6863612443071332
Rajasthan Royals,21,184.95238095238096,186.60622454834444,23.946597285421507,1.6538435959634905
Chennai Super Kings,26,181.6153846153846,185.76555405510712,20.9230550688131,4.1501694397225135
